-- MySQL dump 10.13  Distrib 8.0.19, for Win64 (x86_64)
--
-- Host: 192.168.10.10    Database: schedule
-- ------------------------------------------------------
-- Server version	8.0.28-0ubuntu0.20.04.3

/*!40101 SET @OLD_CHARACTER_SET_CLIENT=@@CHARACTER_SET_CLIENT */;
/*!40101 SET @OLD_CHARACTER_SET_RESULTS=@@CHARACTER_SET_RESULTS */;
/*!40101 SET @OLD_COLLATION_CONNECTION=@@COLLATION_CONNECTION */;
/*!50503 SET NAMES utf8mb4 */;
/*!40103 SET @OLD_TIME_ZONE=@@TIME_ZONE */;
/*!40103 SET TIME_ZONE='+00:00' */;
/*!40014 SET @OLD_UNIQUE_CHECKS=@@UNIQUE_CHECKS, UNIQUE_CHECKS=0 */;
/*!40014 SET @OLD_FOREIGN_KEY_CHECKS=@@FOREIGN_KEY_CHECKS, FOREIGN_KEY_CHECKS=0 */;
/*!40101 SET @OLD_SQL_MODE=@@SQL_MODE, SQL_MODE='NO_AUTO_VALUE_ON_ZERO' */;
/*!40111 SET @OLD_SQL_NOTES=@@SQL_NOTES, SQL_NOTES=0 */;

--
-- Table structure for table `groupsize`
--

DROP TABLE IF EXISTS `groupsize`;
/*!40101 SET @saved_cs_client     = @@character_set_client */;
/*!50503 SET character_set_client = utf8mb4 */;
CREATE TABLE `groupsize` (
  `id` bigint unsigned NOT NULL AUTO_INCREMENT,
  `user_id` bigint unsigned NOT NULL,
  `schedule_id` bigint unsigned NOT NULL,
  `size` tinyint unsigned NOT NULL DEFAULT '1',
  `created_at` timestamp NULL DEFAULT NULL,
  `updated_at` timestamp NULL DEFAULT NULL,
  PRIMARY KEY (`id`),
  KEY `groupsize_FK_2` (`schedule_id`),
  KEY `groupsize_user_id_schedule_id_index` (`user_id`,`schedule_id`),
  CONSTRAINT `groupsize_FK_1` FOREIGN KEY (`user_id`) REFERENCES `laravel`.`users` (`id`) ON DELETE CASCADE ON UPDATE CASCADE,
  CONSTRAINT `groupsize_FK_2` FOREIGN KEY (`schedule_id`) REFERENCES `schedule` (`id`) ON DELETE CASCADE ON UPDATE CASCADE
) ENGINE=InnoDB DEFAULT CHARSET=utf8mb4 COLLATE=utf8mb4_unicode_ci;
/*!40101 SET character_set_client = @saved_cs_client */;

--
-- Dumping data for table `groupsize`
--

LOCK TABLES `groupsize` WRITE;
/*!40000 ALTER TABLE `groupsize` DISABLE KEYS */;
/*!40000 ALTER TABLE `groupsize` ENABLE KEYS */;
UNLOCK TABLES;

--
-- Table structure for table `member_schedule`
--

DROP TABLE IF EXISTS `member_schedule`;
/*!40101 SET @saved_cs_client     = @@character_set_client */;
/*!50503 SET character_set_client = utf8mb4 */;
CREATE TABLE `member_schedule` (
  `id` bigint unsigned NOT NULL AUTO_INCREMENT,
  `user_id` bigint unsigned NOT NULL,
  `schedule_id` bigint unsigned NOT NULL,
  `name_in_schema` varchar(12) COLLATE utf8mb4_unicode_ci NOT NULL,
  `group_size` tinyint unsigned NOT NULL DEFAULT '1',
  `admin` tinyint unsigned NOT NULL DEFAULT '0',
  `created_at` timestamp NULL DEFAULT NULL,
  `updated_at` timestamp NULL DEFAULT NULL,
  PRIMARY KEY (`id`),
  UNIQUE KEY `member_schedule_UX_1` (`user_id`,`schedule_id`),
  KEY `member_schedule_FK_1` (`user_id`),
  KEY `member_schedule_FK_2` (`schedule_id`),
  CONSTRAINT `member_schedule_FK_1` FOREIGN KEY (`user_id`) REFERENCES `laravel`.`users` (`id`) ON DELETE CASCADE ON UPDATE CASCADE,
  CONSTRAINT `member_schedule_FK_2` FOREIGN KEY (`schedule_id`) REFERENCES `schedule` (`id`) ON DELETE CASCADE ON UPDATE CASCADE
) ENGINE=InnoDB AUTO_INCREMENT=108 DEFAULT CHARSET=utf8mb4 COLLATE=utf8mb4_unicode_ci COMMENT='This is a many-to-many relationship connecting members and schedules';
/*!40101 SET character_set_client = @saved_cs_client */;

--
-- Dumping data for table `member_schedule`
--

LOCK TABLES `member_schedule` WRITE;
/*!40000 ALTER TABLE `member_schedule` DISABLE KEYS */;
INSERT INTO `member_schedule` VALUES (1,2,1,'ArneBirgit',2,0,'2022-03-05 07:05:07','2022-03-05 07:05:07'),(2,5,1,'Hodosis',2,1,'2022-03-05 07:05:07','2023-03-18 19:19:19'),(3,6,1,'Trygve',1,0,'2022-03-05 07:05:07','2023-03-18 19:19:19'),(4,9,1,'Hakanssons',2,1,'2022-03-05 07:05:07','2022-03-05 07:05:07'),(5,13,1,'Goran',1,0,'2022-03-05 07:05:07','2023-02-02 20:57:03'),(6,14,1,'Vigdis',1,0,'2022-03-05 07:05:07','2022-03-05 07:05:07'),(7,15,1,'Eva',1,0,'2022-03-05 07:05:07','2022-03-05 07:05:07'),(8,16,1,'Annika M',1,0,'2022-03-05 07:05:07','2023-02-14 05:38:43'),(10,18,1,'Monica',1,0,'2022-03-05 07:05:07','2022-03-05 07:05:07'),(11,19,1,'Inge',1,0,'2022-03-05 07:05:07','2023-02-14 06:03:03'),(27,25,1,'Quetels',2,0,'2022-04-28 09:21:50','2022-04-28 09:21:50'),(28,6,2,'Trygve',1,2,'2022-11-27 19:56:18','2023-03-09 18:51:48'),(29,26,2,'Monika',1,0,NULL,'2023-02-18 06:17:06'),(30,27,2,'Helene',1,0,'2022-11-28 08:58:51','2023-02-13 07:20:51');
/*!40000 ALTER TABLE `member_schedule` ENABLE KEYS */;
UNLOCK TABLES;

--
-- Table structure for table `member_schedule_date`
--

DROP TABLE IF EXISTS `member_schedule_date`;
/*!40101 SET @saved_cs_client     = @@character_set_client */;
/*!50503 SET character_set_client = utf8mb4 */;
CREATE TABLE `member_schedule_date` (
  `id` bigint unsigned NOT NULL AUTO_INCREMENT,
  `user_id` bigint unsigned NOT NULL,
  `schedule_date_id` bigint unsigned NOT NULL,
  `status` tinyint unsigned NOT NULL DEFAULT '0',
  `created_at` timestamp NULL DEFAULT NULL,
  `updated_at` timestamp NULL DEFAULT NULL,
  PRIMARY KEY (`id`),
  KEY `member_schedule_date_FK_1` (`user_id`),
  KEY `member_schedule_date_FK_2` (`schedule_date_id`),
  CONSTRAINT `member_schedule_date_FK_1` FOREIGN KEY (`user_id`) REFERENCES `laravel`.`users` (`id`) ON DELETE CASCADE ON UPDATE CASCADE,
  CONSTRAINT `member_schedule_date_FK_2` FOREIGN KEY (`schedule_date_id`) REFERENCES `schedule_date` (`id`) ON DELETE CASCADE ON UPDATE CASCADE
) ENGINE=InnoDB AUTO_INCREMENT=3311 DEFAULT CHARSET=utf8mb4 COLLATE=utf8mb4_unicode_ci COMMENT='This table contains the status for each member on each schedule date';
/*!40101 SET character_set_client = @saved_cs_client */;

--
-- Dumping data for table `member_schedule_date`
--

LOCK TABLES `member_schedule_date` WRITE;
/*!40000 ALTER TABLE `member_schedule_date` DISABLE KEYS */;
INSERT INTO `member_schedule_date` VALUES (381,2,22,2,'2021-06-18 18:54:33','2021-08-09 14:29:34'),(383,5,22,3,'2021-06-18 18:54:33','2021-08-01 19:01:10'),(386,9,22,0,'2021-06-18 18:54:33','2021-06-18 18:54:33'),(388,6,22,1,'2021-06-18 18:54:33','2021-06-22 16:37:10'),(391,2,23,4,'2021-06-18 18:54:33','2021-08-09 14:29:34'),(393,5,23,2,'2021-06-18 18:54:33','2021-08-01 19:01:10'),(396,9,23,2,'2021-06-18 18:54:33','2021-08-11 06:30:49'),(398,6,23,1,'2021-06-18 18:54:33','2021-06-22 16:37:10'),(401,2,24,2,'2021-06-18 18:54:33','2021-08-09 14:29:34'),(403,5,24,2,'2021-06-18 18:54:33','2021-08-01 19:01:10'),(406,9,24,4,'2021-06-18 18:54:33','2021-08-11 06:30:49'),(408,6,24,4,'2021-06-18 18:54:33','2021-08-16 05:23:01'),(411,2,25,2,'2021-06-18 18:54:33','2021-08-09 14:29:34'),(413,5,25,2,'2021-06-18 18:54:33','2021-08-01 19:01:10'),(416,9,25,4,'2021-06-18 18:54:33','2021-08-11 06:30:49'),(418,6,25,1,'2021-06-18 18:54:33','2021-06-22 16:37:10'),(421,2,26,2,'2021-06-18 18:54:33','2021-08-09 14:29:34'),(423,5,26,2,'2021-06-18 18:54:33','2021-08-01 19:01:10'),(426,9,26,2,'2021-06-18 18:54:33','2021-08-11 06:30:49'),(428,6,26,1,'2021-06-18 18:54:33','2021-06-22 16:37:10'),(431,2,27,3,'2021-06-18 18:54:33','2021-08-09 14:29:34'),(433,5,27,2,'2021-06-18 18:54:33','2021-08-01 19:01:10'),(436,9,27,4,'2021-06-18 18:54:33','2021-08-11 06:30:49'),(438,6,27,3,'2021-06-18 18:54:33','2021-06-22 16:37:10'),(441,2,28,2,'2021-06-18 18:54:33','2021-08-09 14:29:34'),(443,5,28,2,'2021-06-18 18:54:33','2021-08-01 19:01:10'),(446,9,28,2,'2021-06-18 18:54:33','2021-08-11 06:30:49'),(448,6,28,1,'2021-06-18 18:54:33','2021-06-22 16:37:10'),(451,2,29,2,'2021-06-18 18:54:33','2021-08-09 14:29:34'),(453,5,29,2,'2021-06-18 18:54:33','2021-08-01 19:01:10'),(456,9,29,2,'2021-06-18 18:54:33','2021-08-11 06:30:49'),(458,6,29,1,'2021-06-18 18:54:33','2021-06-22 16:37:10'),(461,2,30,2,'2021-06-18 18:54:33','2021-08-09 14:29:34'),(463,5,30,2,'2021-06-18 18:54:33','2021-08-01 19:01:10'),(466,9,30,2,'2021-06-18 18:54:33','2021-08-11 06:30:49'),(468,6,30,1,'2021-06-18 18:54:33','2021-06-22 16:37:10'),(471,2,31,2,'2021-06-18 18:54:33','2021-08-09 14:29:34'),(473,5,31,2,'2021-06-18 18:54:33','2021-08-01 19:01:10'),(476,9,31,2,'2021-06-18 18:54:33','2021-08-11 06:30:49'),(478,6,31,1,'2021-06-18 18:54:33','2021-06-22 16:37:10'),(481,2,32,2,'2021-06-18 18:54:33','2021-08-09 14:29:34'),(483,5,32,2,'2021-06-18 18:54:33','2021-08-01 19:01:10'),(486,9,32,2,'2021-06-18 18:54:33','2021-08-11 06:30:49'),(488,6,32,3,'2021-06-18 18:54:33','2021-11-08 16:38:22'),(491,2,33,2,'2021-06-18 18:54:33','2021-08-09 14:29:34'),(493,5,33,2,'2021-06-18 18:54:33','2021-08-01 19:01:10'),(496,9,33,2,'2021-06-18 18:54:33','2021-10-20 06:52:40'),(498,6,33,3,'2021-06-18 18:54:33','2021-11-15 08:24:54'),(501,2,34,2,'2021-06-18 18:54:33','2021-08-09 14:29:34'),(503,5,34,2,'2021-06-18 18:54:33','2021-08-01 19:01:10'),(506,9,34,2,'2021-06-18 18:54:33','2021-10-20 06:52:40'),(508,6,34,4,'2021-06-18 18:54:33','2021-11-08 16:38:22'),(511,2,35,2,'2021-06-18 18:54:33','2021-08-09 14:29:34'),(513,5,35,2,'2021-06-18 18:54:33','2021-08-01 19:01:10'),(516,9,35,2,'2021-06-18 18:54:33','2021-10-20 06:52:40'),(518,6,35,3,'2021-06-18 18:54:33','2021-11-29 19:00:17'),(684,13,32,1,'2021-11-04 19:54:15','2021-11-04 19:05:38'),(685,14,32,1,'2021-11-04 19:54:15','2021-11-04 19:06:36'),(686,15,32,1,'2021-11-04 19:54:15','2021-11-04 19:07:27'),(687,16,32,3,'2021-11-04 19:54:15','2021-11-04 19:08:39'),(688,13,33,1,'2021-11-04 19:54:15','2021-11-09 05:38:12'),(689,14,33,1,'2021-11-04 19:54:15','2021-11-04 19:06:36'),(690,15,33,1,'2021-11-04 19:54:15','2021-11-04 19:07:27'),(691,16,33,4,'2021-11-04 19:54:15','2021-11-12 16:49:41'),(692,13,34,3,'2021-11-04 19:54:15','2021-11-09 05:38:12'),(693,14,34,1,'2021-11-04 19:54:15','2021-11-09 06:04:38'),(694,15,34,1,'2021-11-04 19:54:15','2021-11-09 12:19:03'),(695,16,34,1,'2021-11-04 19:54:15','2021-11-12 16:49:41'),(696,13,35,1,'2021-11-04 19:54:15','2021-11-09 05:38:12'),(697,14,35,1,'2021-11-04 19:54:15','2021-11-09 06:04:38'),(698,15,35,3,'2021-11-04 19:54:15','2021-11-19 09:56:55'),(699,16,35,3,'2021-11-04 19:54:15','2021-11-29 10:52:42'),(830,16,53,3,'2021-11-17 20:35:17','2022-01-09 15:18:53'),(831,2,53,2,'2021-11-17 20:35:17','2021-11-18 15:15:47'),(832,15,53,1,'2021-11-17 20:35:17','2021-11-17 22:40:26'),(833,5,53,2,'2021-11-17 20:35:17','2021-11-20 21:36:31'),(834,13,53,1,'2021-11-17 20:35:17','2022-01-03 19:12:05'),(837,9,53,2,'2021-11-17 20:35:17','2021-11-23 14:56:35'),(838,6,53,3,'2021-11-17 20:35:17','2022-01-06 14:00:35'),(839,14,53,1,'2021-11-17 20:35:17','2022-01-10 09:08:52'),(843,16,54,3,'2021-11-17 20:35:17','2022-01-09 15:18:53'),(844,2,54,2,'2021-11-17 20:35:17','2021-11-18 15:15:47'),(845,15,54,1,'2021-11-17 20:35:17','2021-11-17 22:40:26'),(846,5,54,2,'2021-11-17 20:35:17','2021-11-20 21:36:31'),(847,13,54,1,'2021-11-17 20:35:17','2022-01-03 19:12:05'),(850,9,54,1,'2021-11-17 20:35:17','2022-01-24 08:04:47'),(851,6,54,3,'2021-11-17 20:35:17','2022-01-06 14:00:35'),(852,14,54,1,'2021-11-17 20:35:17','2022-01-10 09:08:52'),(856,16,55,3,'2021-11-17 20:35:17','2022-01-19 14:04:24'),(857,2,55,2,'2021-11-17 20:35:17','2021-11-18 15:15:47'),(858,15,55,1,'2021-11-17 20:35:17','2021-11-17 22:40:26'),(859,5,55,2,'2021-11-17 20:35:17','2021-11-20 21:36:31'),(860,13,55,1,'2021-11-17 20:35:17','2022-01-03 19:12:05'),(863,9,55,2,'2021-11-17 20:35:17','2021-11-23 14:56:35'),(864,6,55,3,'2021-11-17 20:35:17','2022-01-17 08:48:17'),(865,14,55,1,'2021-11-17 20:35:17','2022-01-10 09:08:52'),(869,16,56,3,'2021-11-17 20:35:17','2022-01-24 10:39:59'),(870,2,56,2,'2021-11-17 20:35:17','2021-11-18 15:15:47'),(871,15,56,1,'2021-11-17 20:35:17','2022-01-10 08:32:49'),(872,5,56,2,'2021-11-17 20:35:17','2021-11-20 21:36:31'),(873,13,56,1,'2021-11-17 20:35:17','2022-01-18 14:48:58'),(876,9,56,2,'2021-11-17 20:35:17','2021-11-23 14:56:35'),(877,6,56,3,'2021-11-17 20:35:17','2022-02-07 09:48:46'),(878,14,56,1,'2021-11-17 20:35:17','2022-01-10 09:08:52'),(882,16,57,3,'2021-11-17 20:35:17','2022-01-24 10:39:59'),(883,2,57,2,'2021-11-17 20:35:17','2021-11-18 15:15:47'),(884,15,57,3,'2021-11-17 20:35:17','2022-01-10 08:32:49'),(885,5,57,2,'2021-11-17 20:35:17','2021-11-20 21:36:31'),(886,13,57,1,'2021-11-17 20:35:17','2022-01-18 14:48:58'),(889,9,57,2,'2021-11-17 20:35:17','2022-01-24 08:04:47'),(890,6,57,3,'2021-11-17 20:35:17','2022-02-16 08:53:55'),(891,14,57,1,'2021-11-17 20:35:17','2022-01-10 09:08:52'),(895,16,58,3,'2021-11-17 20:35:17','2022-01-19 14:04:47'),(896,2,58,2,'2021-11-17 20:35:17','2021-11-18 15:15:47'),(897,15,58,1,'2021-11-17 20:35:17','2021-11-17 22:40:26'),(898,5,58,2,'2021-11-17 20:35:17','2022-02-08 21:46:00'),(899,13,58,1,'2021-11-17 20:35:17','2022-01-18 14:48:58'),(902,9,58,2,'2021-11-17 20:35:17','2021-11-23 14:56:35'),(903,6,58,3,'2021-11-17 20:35:17','2022-02-22 19:52:01'),(904,14,58,1,'2021-11-17 20:35:17','2022-01-10 09:08:52'),(908,16,59,4,'2021-11-17 20:35:17','2021-11-29 10:55:20'),(909,2,59,3,'2021-11-17 20:35:17','2022-03-02 10:00:16'),(910,15,59,1,'2021-11-17 20:35:17','2021-11-17 22:40:26'),(911,5,59,2,'2021-11-17 20:35:17','2021-11-20 21:36:31'),(912,13,59,1,'2021-11-17 20:35:17','2022-01-18 14:48:58'),(915,9,59,3,'2021-11-17 20:35:17','2022-01-24 08:04:47'),(916,6,59,3,'2021-11-17 20:35:17','2022-03-02 08:26:33'),(917,14,59,1,'2021-11-17 20:35:17','2022-01-10 09:08:52'),(921,16,60,1,'2021-11-17 20:35:17','2022-03-07 12:48:29'),(922,2,60,3,'2021-11-17 20:35:17','2022-03-09 10:52:51'),(923,15,60,1,'2021-11-17 20:35:17','2021-11-17 22:40:26'),(924,5,60,2,'2021-11-17 20:35:17','2021-11-20 21:36:31'),(925,13,60,1,'2021-11-17 20:35:17','2022-01-18 14:48:58'),(928,9,60,2,'2021-11-17 20:35:17','2021-11-23 14:56:35'),(929,6,60,1,'2021-11-17 20:35:17','2022-03-05 07:07:17'),(930,14,60,1,'2021-11-17 20:35:17','2022-01-10 09:08:52'),(934,16,61,0,'2021-11-17 20:35:17','2021-11-17 20:35:17'),(935,2,61,2,'2021-11-17 20:35:17','2021-11-18 15:15:47'),(936,15,61,3,'2021-11-17 20:35:17','2022-03-16 16:38:30'),(937,5,61,2,'2021-11-17 20:35:17','2022-02-08 21:46:00'),(938,13,61,3,'2021-11-17 20:35:17','2022-03-15 17:45:26'),(941,9,61,2,'2021-11-17 20:35:17','2021-11-23 14:56:35'),(942,6,61,1,'2021-11-17 20:35:17','2022-03-15 13:54:55'),(943,14,61,1,'2021-11-17 20:35:17','2022-01-10 09:08:52'),(947,16,62,0,'2021-11-17 20:35:17','2021-11-17 20:35:17'),(948,2,62,2,'2021-11-17 20:35:17','2021-11-18 15:15:47'),(949,15,62,1,'2021-11-17 20:35:17','2021-11-17 22:40:26'),(950,5,62,2,'2021-11-17 20:35:17','2022-02-08 21:46:00'),(951,13,62,4,'2021-11-17 20:35:17','2022-03-15 17:46:03'),(954,9,62,2,'2021-11-17 20:35:17','2021-11-23 14:56:35'),(955,6,62,3,'2021-11-17 20:35:17','2022-03-17 09:22:57'),(956,14,62,1,'2021-11-17 20:35:17','2022-03-09 13:44:44'),(960,16,63,0,'2021-11-17 20:35:17','2021-11-17 20:35:17'),(961,2,63,2,'2021-11-17 20:35:17','2021-11-18 15:15:47'),(962,15,63,1,'2021-11-17 20:35:17','2021-11-17 22:40:26'),(963,5,63,2,'2021-11-17 20:35:17','2022-02-08 21:46:00'),(964,13,63,1,'2021-11-17 20:35:17','2022-01-18 14:48:58'),(967,9,63,2,'2021-11-17 20:35:17','2021-11-23 14:56:35'),(968,6,63,1,'2021-11-17 20:35:17','2022-03-17 09:22:57'),(969,14,63,1,'2021-11-17 20:35:17','2022-01-10 09:08:52'),(973,16,64,3,'2021-11-17 20:35:17','2022-03-07 12:51:33'),(974,2,64,2,'2021-11-17 20:35:17','2021-11-18 15:15:47'),(975,15,64,3,'2021-11-17 20:35:17','2022-04-06 12:03:22'),(976,5,64,1,'2021-11-17 20:35:17','2022-03-31 20:50:59'),(977,13,64,1,'2021-11-17 20:35:17','2022-01-18 14:48:58'),(980,9,64,3,'2021-11-17 20:35:17','2022-04-06 11:22:58'),(981,6,64,1,'2021-11-17 20:35:17','2022-04-05 06:45:53'),(982,14,64,1,'2021-11-17 20:35:17','2022-01-10 09:08:52'),(986,16,65,0,'2021-11-17 20:35:17','2021-11-17 20:35:17'),(987,2,65,2,'2021-11-17 20:35:17','2021-11-18 15:15:47'),(988,15,65,3,'2021-11-17 20:35:17','2022-02-28 12:27:49'),(989,5,65,3,'2021-11-17 20:35:17','2022-04-13 08:21:46'),(990,13,65,1,'2021-11-17 20:35:17','2022-01-18 14:48:58'),(993,9,65,2,'2021-11-17 20:35:17','2021-11-23 14:56:35'),(994,6,65,1,'2021-11-17 20:35:17','2022-04-09 12:26:22'),(995,14,65,1,'2021-11-17 20:35:17','2022-01-10 09:08:52'),(999,16,66,0,'2021-11-17 20:35:17','2021-11-17 20:35:17'),(1000,2,66,2,'2021-11-17 20:35:17','2021-11-18 15:15:47'),(1001,15,66,1,'2021-11-17 20:35:17','2021-11-17 22:40:26'),(1002,5,66,3,'2021-11-17 20:35:17','2022-04-20 12:10:55'),(1003,13,66,1,'2021-11-17 20:35:17','2022-01-18 14:48:58'),(1006,9,66,2,'2021-11-17 20:35:17','2021-11-23 14:56:35'),(1007,6,66,3,'2021-11-17 20:35:17','2022-04-20 16:22:18'),(1008,14,66,1,'2021-11-17 20:35:17','2022-01-10 09:08:52'),(1012,16,67,0,'2021-11-17 20:35:17','2021-11-17 20:35:17'),(1013,2,67,2,'2021-11-17 20:35:17','2021-11-18 15:15:47'),(1014,15,67,1,'2021-11-17 20:35:17','2021-11-17 22:40:26'),(1015,5,67,1,'2021-11-17 20:35:17','2022-03-31 08:12:26'),(1016,13,67,1,'2021-11-17 20:35:17','2022-01-18 14:48:58'),(1019,9,67,2,'2021-11-17 20:35:17','2021-11-23 14:56:35'),(1020,6,67,1,'2021-11-17 20:35:17','2022-04-21 06:10:29'),(1021,14,67,1,'2021-11-17 20:35:17','2022-01-10 09:08:52'),(1124,18,22,0,'2021-11-24 11:12:31','2021-11-24 11:12:31'),(1125,19,22,0,'2021-11-24 11:12:31','2021-11-24 11:12:31'),(1126,18,23,0,'2021-11-24 11:12:31','2021-11-24 11:12:31'),(1127,19,23,0,'2021-11-24 11:12:31','2021-11-24 11:12:31'),(1128,18,24,0,'2021-11-24 11:12:31','2021-11-24 11:12:31'),(1129,19,24,0,'2021-11-24 11:12:31','2021-11-24 11:12:31'),(1130,18,25,0,'2021-11-24 11:12:31','2021-11-24 11:12:31'),(1131,19,25,0,'2021-11-24 11:12:31','2021-11-24 11:12:31'),(1132,18,26,0,'2021-11-24 11:12:31','2021-11-24 11:12:31'),(1133,19,26,0,'2021-11-24 11:12:31','2021-11-24 11:12:31'),(1134,18,27,0,'2021-11-24 11:12:31','2021-11-24 11:12:31'),(1135,19,27,0,'2021-11-24 11:12:31','2021-11-24 11:12:31'),(1136,18,28,0,'2021-11-24 11:12:31','2021-11-24 11:12:31'),(1137,19,28,0,'2021-11-24 11:12:31','2021-11-24 11:12:31'),(1138,18,29,0,'2021-11-24 11:12:31','2021-11-24 11:12:31'),(1139,19,29,0,'2021-11-24 11:12:31','2021-11-24 11:12:31'),(1140,18,30,0,'2021-11-24 11:12:31','2021-11-24 11:12:31'),(1141,19,30,0,'2021-11-24 11:12:31','2021-11-24 11:12:31'),(1142,18,31,0,'2021-11-24 11:12:31','2021-11-24 11:12:31'),(1143,19,31,0,'2021-11-24 11:12:31','2021-11-24 11:12:31'),(1144,18,32,0,'2021-11-24 11:12:31','2021-11-24 11:12:31'),(1145,19,32,0,'2021-11-24 11:12:31','2021-11-24 11:12:31'),(1146,18,33,0,'2021-11-24 11:12:31','2021-11-24 11:12:31'),(1147,19,33,0,'2021-11-24 11:12:31','2021-11-24 11:12:31'),(1148,18,34,0,'2021-11-24 11:12:31','2021-11-24 11:12:31'),(1149,19,34,0,'2021-11-24 11:12:31','2021-11-24 11:12:31'),(1150,18,35,0,'2021-11-24 11:12:31','2021-11-24 11:12:31'),(1151,19,35,0,'2021-11-24 11:12:31','2021-11-24 11:12:31'),(1152,18,53,3,'2021-11-24 11:12:31','2022-01-09 12:03:09'),(1153,19,53,1,'2021-11-24 11:12:31','2021-11-30 09:14:27'),(1154,18,54,1,'2021-11-24 11:12:31','2022-01-25 06:48:42'),(1155,19,54,3,'2021-11-24 11:12:31','2022-01-26 08:27:06'),(1156,18,55,1,'2021-11-24 11:12:31','2022-01-31 21:26:52'),(1157,19,55,1,'2021-11-24 11:12:31','2022-01-29 08:05:31'),(1158,18,56,3,'2021-11-24 11:12:31','2022-01-31 21:26:52'),(1159,19,56,1,'2021-11-24 11:12:31','2022-01-29 08:05:31'),(1160,18,57,1,'2021-11-24 11:12:31','2022-02-09 12:35:05'),(1161,19,57,1,'2021-11-24 11:12:31','2022-02-16 16:10:34'),(1162,18,58,1,'2021-11-24 11:12:31','2022-02-09 12:35:05'),(1163,19,58,1,'2021-11-24 11:12:31','2022-02-09 15:57:07'),(1164,18,59,1,'2021-11-24 11:12:31','2022-02-09 12:35:05'),(1165,19,59,1,'2021-11-24 11:12:31','2022-02-09 15:57:07'),(1166,18,60,3,'2021-11-24 11:12:31','2022-02-09 12:35:05'),(1167,19,60,3,'2021-11-24 11:12:31','2022-02-09 15:57:07'),(1168,18,61,1,'2021-11-24 11:12:31','2022-02-09 12:35:05'),(1169,19,61,3,'2021-11-24 11:12:31','2022-02-09 15:57:07'),(1170,18,62,3,'2021-11-24 11:12:31','2022-03-23 12:39:59'),(1171,19,62,1,'2021-11-24 11:12:31','2022-03-01 15:11:53'),(1172,18,63,1,'2021-11-24 11:12:31','2022-02-09 12:35:05'),(1173,19,63,3,'2021-11-24 11:12:31','2022-03-30 06:59:39'),(1174,18,64,0,'2021-11-24 11:12:31','2021-11-24 11:12:31'),(1175,19,64,1,'2021-11-24 11:12:31','2022-03-01 15:11:53'),(1176,18,65,1,'2021-11-24 11:12:31','2022-04-13 06:28:13'),(1177,19,65,1,'2021-11-24 11:12:31','2022-03-01 15:11:53'),(1178,18,66,3,'2021-11-24 11:12:31','2022-04-13 06:28:13'),(1179,19,66,1,'2021-11-24 11:12:31','2022-04-20 19:57:44'),(1180,18,67,1,'2021-11-24 11:12:31','2022-04-13 06:28:13'),(1181,19,67,1,'2021-11-24 11:12:31','2022-04-20 19:57:44'),(1182,13,22,0,NULL,NULL),(1183,13,23,0,NULL,NULL),(1184,13,24,0,NULL,NULL),(1185,13,25,0,NULL,NULL),(1186,13,26,0,NULL,NULL),(1187,13,27,0,NULL,NULL),(1188,13,28,0,NULL,NULL),(1189,13,29,0,NULL,NULL),(1190,13,30,0,NULL,NULL),(1191,13,31,0,NULL,NULL),(1197,14,22,0,NULL,NULL),(1198,14,23,0,NULL,NULL),(1199,14,24,0,NULL,NULL),(1200,14,25,0,NULL,NULL),(1201,14,26,0,NULL,NULL),(1202,14,27,0,NULL,NULL),(1203,14,28,0,NULL,NULL),(1204,14,29,0,NULL,NULL),(1205,14,30,0,NULL,NULL),(1206,14,31,0,NULL,NULL),(1212,15,22,0,NULL,NULL),(1213,15,23,0,NULL,NULL),(1214,15,24,0,NULL,NULL),(1215,15,25,0,NULL,NULL),(1216,15,26,0,NULL,NULL),(1217,15,27,0,NULL,NULL),(1218,15,28,0,NULL,NULL),(1219,15,29,0,NULL,NULL),(1220,15,30,0,NULL,NULL),(1221,15,31,0,NULL,NULL),(1227,16,22,0,NULL,NULL),(1228,16,23,0,NULL,NULL),(1229,16,24,0,NULL,NULL),(1230,16,25,0,NULL,NULL),(1231,16,26,0,NULL,NULL),(1232,16,27,0,NULL,NULL),(1233,16,28,0,NULL,NULL),(1234,16,29,0,NULL,NULL),(1235,16,30,0,NULL,NULL),(1236,16,31,0,NULL,NULL),(1237,2,68,2,'2022-03-30 18:08:36','2022-03-31 10:12:35'),(1238,5,68,1,'2022-03-30 18:08:36','2022-03-31 08:12:26'),(1239,6,68,1,'2022-03-30 18:08:36','2022-04-21 06:10:29'),(1240,9,68,3,'2022-03-30 18:08:36','2022-03-30 18:09:39'),(1241,13,68,1,'2022-03-30 18:08:36','2022-04-19 11:05:32'),(1242,14,68,0,'2022-03-30 18:08:36','2022-03-30 18:08:36'),(1243,15,68,1,'2022-03-30 18:08:36','2022-04-06 11:54:58'),(1244,16,68,0,'2022-03-30 18:08:36','2022-03-30 18:08:36'),(1246,18,68,1,'2022-03-30 18:08:36','2022-04-13 06:28:13'),(1247,19,68,1,'2022-03-30 18:08:36','2022-04-20 19:57:44'),(1248,25,22,0,'2022-04-28 09:21:50','2022-04-28 09:21:50'),(1249,25,23,0,'2022-04-28 09:21:50','2022-04-28 09:21:50'),(1250,25,24,0,'2022-04-28 09:21:50','2022-04-28 09:21:50'),(1251,25,25,0,'2022-04-28 09:21:50','2022-04-28 09:21:50'),(1252,25,26,0,'2022-04-28 09:21:50','2022-04-28 09:21:50'),(1253,25,27,0,'2022-04-28 09:21:50','2022-04-28 09:21:50'),(1254,25,28,0,'2022-04-28 09:21:50','2022-04-28 09:21:50'),(1255,25,29,0,'2022-04-28 09:21:50','2022-04-28 09:21:50'),(1256,25,30,0,'2022-04-28 09:21:50','2022-04-28 09:21:50'),(1257,25,31,0,'2022-04-28 09:21:50','2022-04-28 09:21:50'),(1258,25,32,0,'2022-04-28 09:21:50','2022-04-28 09:21:50'),(1259,25,33,0,'2022-04-28 09:21:50','2022-04-28 09:21:50'),(1260,25,34,0,'2022-04-28 09:21:50','2022-04-28 09:21:50'),(1261,25,35,0,'2022-04-28 09:21:50','2022-04-28 09:21:50'),(1262,25,53,0,'2022-04-28 09:21:50','2022-04-28 09:21:50'),(1263,25,54,0,'2022-04-28 09:21:50','2022-04-28 09:21:50'),(1264,25,55,0,'2022-04-28 09:21:50','2022-04-28 09:21:50'),(1265,25,56,0,'2022-04-28 09:21:50','2022-04-28 09:21:50'),(1266,25,57,0,'2022-04-28 09:21:50','2022-04-28 09:21:50'),(1267,25,58,0,'2022-04-28 09:21:50','2022-04-28 09:21:50'),(1268,25,59,0,'2022-04-28 09:21:50','2022-04-28 09:21:50'),(1269,25,60,0,'2022-04-28 09:21:50','2022-04-28 09:21:50'),(1270,25,61,0,'2022-04-28 09:21:50','2022-04-28 09:21:50'),(1271,25,62,0,'2022-04-28 09:21:50','2022-04-28 09:21:50'),(1272,25,63,0,'2022-04-28 09:21:50','2022-04-28 09:21:50'),(1273,25,64,0,'2022-04-28 09:21:50','2022-04-28 09:21:50'),(1274,25,65,0,'2022-04-28 09:21:50','2022-04-28 09:21:50'),(1275,25,66,0,'2022-04-28 09:21:50','2022-04-28 09:21:50'),(1276,25,67,0,'2022-04-28 09:21:50','2022-04-28 09:21:50'),(1277,25,68,2,'2022-04-28 09:21:50','2022-04-28 09:22:09'),(1278,2,69,2,'2022-05-04 18:23:31','2022-08-01 16:28:08'),(1279,5,69,2,'2022-05-04 18:23:31','2022-09-07 20:51:48'),(1280,6,69,1,'2022-05-04 18:23:31','2022-08-27 17:49:26'),(1281,9,69,2,'2022-05-04 18:23:31','2022-08-24 14:26:28'),(1282,13,69,1,'2022-05-04 18:23:31','2022-08-24 13:06:30'),(1283,14,69,1,'2022-05-04 18:23:31','2022-09-05 06:31:19'),(1284,15,69,1,'2022-05-04 18:23:31','2022-08-24 09:02:14'),(1285,16,69,3,'2022-05-04 18:23:31','2022-08-24 09:58:07'),(1287,18,69,3,'2022-05-04 18:23:31','2022-09-04 21:21:45'),(1288,19,69,3,'2022-05-04 18:23:31','2022-08-08 17:32:51'),(1289,25,69,3,'2022-05-04 18:23:31','2022-09-05 11:27:04'),(1290,2,70,2,'2022-05-04 18:23:31','2022-08-01 16:28:51'),(1291,5,70,2,'2022-05-04 18:23:31','2022-09-07 20:51:48'),(1292,6,70,1,'2022-05-04 18:23:31','2022-09-06 09:25:12'),(1293,9,70,3,'2022-05-04 18:23:31','2022-08-24 09:08:33'),(1294,13,70,1,'2022-05-04 18:23:31','2022-08-24 13:06:30'),(1295,14,70,3,'2022-05-04 18:23:31','2022-09-05 06:31:19'),(1296,15,70,1,'2022-05-04 18:23:31','2022-08-24 09:02:14'),(1297,16,70,3,'2022-05-04 18:23:31','2022-08-24 09:58:07'),(1299,18,70,1,'2022-05-04 18:23:31','2022-09-04 21:21:45'),(1300,19,70,1,'2022-05-04 18:23:31','2022-08-08 17:32:51'),(1301,25,70,2,'2022-05-04 18:23:31','2022-09-05 11:17:14'),(1422,2,81,2,'2022-05-08 18:30:55','2022-08-01 16:28:51'),(1423,5,81,2,'2022-05-08 18:30:55','2022-09-07 20:51:48'),(1424,6,81,1,'2022-05-08 18:30:55','2022-09-20 18:46:34'),(1425,9,81,3,'2022-05-08 18:30:55','2022-08-24 09:08:33'),(1426,13,81,1,'2022-05-08 18:30:55','2022-08-24 13:06:30'),(1427,14,81,1,'2022-05-08 18:30:55','2022-09-05 06:31:19'),(1428,15,81,3,'2022-05-08 18:30:55','2022-09-12 04:46:59'),(1429,16,81,1,'2022-05-08 18:30:55','2022-09-18 16:57:57'),(1431,18,81,1,'2022-05-08 18:30:55','2022-09-04 21:21:45'),(1432,19,81,3,'2022-05-08 18:30:55','2022-09-09 07:26:52'),(1433,25,81,3,'2022-05-08 18:30:55','2022-09-05 11:17:14'),(1434,2,82,2,'2022-05-08 18:31:02','2022-08-01 16:28:51'),(1435,5,82,2,'2022-05-08 18:31:02','2022-09-07 20:51:48'),(1436,6,82,1,'2022-05-08 18:31:02','2022-09-28 12:36:58'),(1437,9,82,2,'2022-05-08 18:31:02','2022-08-24 14:26:28'),(1438,13,82,1,'2022-05-08 18:31:02','2022-08-24 13:06:30'),(1439,14,82,1,'2022-05-08 18:31:02','2022-09-05 06:31:19'),(1440,15,82,1,'2022-05-08 18:31:02','2022-08-24 09:02:14'),(1441,16,82,4,'2022-05-08 18:31:02','2022-09-28 12:11:39'),(1443,18,82,1,'2022-05-08 18:31:02','2022-09-04 21:21:45'),(1444,19,82,1,'2022-05-08 18:31:02','2022-08-08 17:32:51'),(1445,25,82,3,'2022-05-08 18:31:02','2022-09-05 11:21:22'),(1446,2,83,2,'2022-05-08 18:31:06','2022-08-01 16:28:51'),(1447,5,83,1,'2022-05-08 18:31:06','2022-09-06 16:42:50'),(1448,6,83,1,'2022-05-08 18:31:06','2022-10-05 07:26:10'),(1449,9,83,2,'2022-05-08 18:31:06','2022-08-24 14:26:28'),(1450,13,83,1,'2022-05-08 18:31:06','2022-10-05 16:06:09'),(1451,14,83,1,'2022-05-08 18:31:06','2022-09-05 06:31:19'),(1452,15,83,3,'2022-05-08 18:31:06','2022-10-05 15:37:16'),(1453,16,83,3,'2022-05-08 18:31:06','2022-09-30 13:04:31'),(1455,18,83,3,'2022-05-08 18:31:06','2022-09-04 21:21:45'),(1456,19,83,1,'2022-05-08 18:31:06','2022-09-09 07:26:52'),(1457,25,83,2,'2022-05-08 18:31:06','2022-09-05 11:21:22'),(1458,2,84,2,'2022-05-08 18:31:08','2022-08-01 16:28:51'),(1459,5,84,2,'2022-05-08 18:31:08','2022-09-07 20:51:48'),(1460,6,84,3,'2022-05-08 18:31:08','2022-10-10 09:10:40'),(1461,9,84,2,'2022-05-08 18:31:08','2022-08-24 14:26:28'),(1462,13,84,1,'2022-05-08 18:31:08','2022-08-24 13:06:30'),(1463,14,84,1,'2022-05-08 18:31:08','2022-09-05 06:31:19'),(1464,15,84,1,'2022-05-08 18:31:08','2022-08-24 09:02:14'),(1465,16,84,3,'2022-05-08 18:31:08','2022-09-30 13:04:02'),(1467,18,84,1,'2022-05-08 18:31:08','2022-09-04 21:21:45'),(1468,19,84,1,'2022-05-08 18:31:08','2022-09-09 07:26:52'),(1469,25,84,3,'2022-05-08 18:31:08','2022-10-12 08:55:32'),(1470,2,85,2,'2022-05-08 18:31:10','2022-08-01 16:28:51'),(1471,5,85,2,'2022-05-08 18:31:10','2022-09-07 20:51:48'),(1472,6,85,1,'2022-05-08 18:31:10','2022-10-17 18:39:31'),(1473,9,85,2,'2022-05-08 18:31:10','2022-08-24 14:26:28'),(1474,13,85,1,'2022-05-08 18:31:10','2022-08-24 13:06:30'),(1475,14,85,1,'2022-05-08 18:31:10','2022-09-05 06:31:19'),(1476,15,85,3,'2022-05-08 18:31:10','2022-08-24 09:02:14'),(1477,16,85,3,'2022-05-08 18:31:10','2022-10-19 07:14:02'),(1479,18,85,1,'2022-05-08 18:31:10','2022-09-04 21:21:45'),(1480,19,85,3,'2022-05-08 18:31:10','2022-10-19 10:45:26'),(1481,25,85,2,'2022-05-08 18:31:10','2022-09-05 11:21:22'),(1482,2,86,3,'2022-05-08 18:31:11','2022-10-01 11:30:27'),(1483,5,86,2,'2022-05-08 18:31:11','2022-09-07 20:51:48'),(1484,6,86,3,'2022-05-08 18:31:11','2022-10-25 06:20:36'),(1485,9,86,3,'2022-05-08 18:31:11','2022-08-24 14:26:28'),(1486,13,86,1,'2022-05-08 18:31:11','2022-08-24 13:06:30'),(1487,14,86,1,'2022-05-08 18:31:11','2022-09-05 06:31:19'),(1488,15,86,1,'2022-05-08 18:31:11','2022-08-24 09:02:14'),(1489,16,86,3,'2022-05-08 18:31:11','2022-10-26 11:07:11'),(1491,18,86,1,'2022-05-08 18:31:11','2022-09-04 21:21:45'),(1492,19,86,1,'2022-05-08 18:31:11','2022-09-09 07:26:52'),(1493,25,86,2,'2022-05-08 18:31:11','2022-09-05 11:21:22'),(1494,2,87,3,'2022-05-08 18:31:13','2022-10-01 11:30:27'),(1495,5,87,2,'2022-05-08 18:31:13','2022-09-07 20:51:48'),(1496,6,87,3,'2022-05-08 18:31:13','2022-11-02 06:35:14'),(1497,9,87,2,'2022-05-08 18:31:13','2022-08-24 14:26:28'),(1498,13,87,1,'2022-05-08 18:31:13','2022-08-24 13:06:30'),(1499,14,87,1,'2022-05-08 18:31:13','2022-09-05 06:31:19'),(1500,15,87,1,'2022-05-08 18:31:13','2022-08-24 09:02:14'),(1501,16,87,3,'2022-05-08 18:31:13','2022-10-26 11:07:11'),(1503,18,87,1,'2022-05-08 18:31:13','2022-10-18 20:46:40'),(1504,19,87,1,'2022-05-08 18:31:13','2022-10-07 09:52:30'),(1505,25,87,2,'2022-05-08 18:31:13','2022-11-02 15:31:02'),(1506,2,88,2,'2022-05-08 18:31:19','2022-08-01 16:28:51'),(1507,5,88,1,'2022-05-08 18:31:19','2022-11-09 16:27:17'),(1508,6,88,3,'2022-05-08 18:31:19','2022-11-09 16:47:48'),(1509,9,88,2,'2022-05-08 18:31:19','2022-08-24 14:26:28'),(1510,13,88,1,'2022-05-08 18:31:19','2022-11-09 15:11:17'),(1511,14,88,1,'2022-05-08 18:31:19','2022-09-05 06:31:19'),(1512,15,88,1,'2022-05-08 18:31:19','2022-08-24 09:02:14'),(1513,16,88,3,'2022-05-08 18:31:19','2022-11-09 12:36:47'),(1515,18,88,3,'2022-05-08 18:31:19','2022-10-18 20:46:40'),(1516,19,88,1,'2022-05-08 18:31:19','2022-10-07 09:52:30'),(1517,25,88,2,'2022-05-08 18:31:19','2022-09-05 11:21:22'),(1518,2,89,1,'2022-05-08 18:31:21','2022-11-16 12:10:21'),(1519,5,89,2,'2022-05-08 18:31:21','2022-09-07 20:51:48'),(1520,6,89,1,'2022-05-08 18:31:21','2022-11-16 12:32:02'),(1521,9,89,2,'2022-05-08 18:31:21','2022-08-24 14:26:28'),(1522,13,89,1,'2022-05-08 18:31:21','2022-08-24 13:06:30'),(1523,14,89,1,'2022-05-08 18:31:21','2022-09-05 06:31:19'),(1524,15,89,3,'2022-05-08 18:31:21','2022-10-12 10:55:58'),(1525,16,89,1,'2022-05-08 18:31:21','2022-11-16 12:29:29'),(1527,18,89,3,'2022-05-08 18:31:21','2022-10-18 21:11:39'),(1528,19,89,1,'2022-05-08 18:31:21','2022-10-07 09:52:30'),(1529,25,89,2,'2022-05-08 18:31:21','2022-09-05 11:21:22'),(1530,2,90,2,'2022-05-08 18:31:22','2022-08-01 16:28:51'),(1531,5,90,2,'2022-05-08 18:31:22','2022-09-07 20:51:48'),(1532,6,90,1,'2022-05-08 18:31:22','2022-11-16 19:05:51'),(1533,9,90,3,'2022-05-08 18:31:22','2022-08-24 09:10:47'),(1534,13,90,1,'2022-05-08 18:31:22','2022-08-24 13:06:30'),(1535,14,90,1,'2022-05-08 18:31:22','2022-09-05 06:31:19'),(1536,15,90,3,'2022-05-08 18:31:22','2022-11-21 21:58:37'),(1537,16,90,3,'2022-05-08 18:31:22','2022-11-22 22:18:34'),(1539,18,90,3,'2022-05-08 18:31:22','2022-11-23 17:18:31'),(1540,19,90,1,'2022-05-08 18:31:22','2022-10-07 09:52:30'),(1541,25,90,3,'2022-05-08 18:31:22','2022-11-22 10:16:04'),(1542,2,91,2,'2022-05-08 18:31:24','2022-08-01 16:28:51'),(1543,5,91,2,'2022-05-08 18:31:24','2022-09-07 20:51:48'),(1544,6,91,4,'2022-05-08 18:31:24','2022-05-08 18:31:24'),(1545,9,91,3,'2022-05-08 18:31:24','2022-08-24 09:09:12'),(1546,13,91,1,'2022-05-08 18:31:24','2022-08-24 13:06:30'),(1547,14,91,3,'2022-05-08 18:31:24','2022-11-28 12:29:59'),(1548,15,91,3,'2022-05-08 18:31:24','2022-11-30 16:54:41'),(1549,16,91,3,'2022-05-08 18:31:24','2022-11-27 20:07:41'),(1551,18,91,3,'2022-05-08 18:31:24','2022-11-23 17:18:31'),(1552,19,91,3,'2022-05-08 18:31:24','2022-10-07 09:52:30'),(1553,25,91,3,'2022-05-08 18:31:24','2022-11-30 10:53:53'),(1554,2,92,2,'2022-05-08 18:31:26','2022-08-01 16:28:51'),(1555,5,92,2,'2022-05-08 18:31:26','2022-09-07 20:51:48'),(1556,6,92,3,'2022-05-08 18:31:26','2022-12-05 09:18:31'),(1557,9,92,3,'2022-05-08 18:31:26','2022-08-24 09:09:12'),(1558,13,92,3,'2022-05-08 18:31:26','2022-12-05 09:36:08'),(1559,14,92,1,'2022-05-08 18:31:26','2022-09-05 06:31:19'),(1560,15,92,1,'2022-05-08 18:31:26','2022-08-24 09:02:14'),(1561,16,92,3,'2022-05-08 18:31:26','2022-11-16 12:30:03'),(1563,18,92,3,'2022-05-08 18:31:26','2022-12-07 09:52:24'),(1564,19,92,3,'2022-05-08 18:31:26','2022-10-07 09:52:30'),(1565,25,92,2,'2022-05-08 18:31:26','2022-09-05 11:21:22'),(1566,2,93,2,'2022-11-16 19:12:24','2022-11-17 08:51:13'),(1567,5,93,2,'2022-11-16 19:12:24','2022-11-30 13:45:51'),(1568,6,93,4,'2022-11-16 19:12:24','2022-11-24 11:38:00'),(1569,9,93,2,'2022-11-16 19:12:24','2023-01-04 10:43:08'),(1570,13,93,1,'2022-11-16 19:12:24','2022-12-05 09:37:06'),(1571,14,93,1,'2022-11-16 19:12:24','2023-01-04 15:14:00'),(1572,15,93,3,'2022-11-16 19:12:24','2023-01-11 10:49:41'),(1573,16,93,3,'2022-11-16 19:12:24','2023-01-09 20:39:36'),(1575,18,93,3,'2022-11-16 19:12:24','2023-01-11 15:08:38'),(1576,19,93,1,'2022-11-16 19:12:24','2023-01-08 17:36:57'),(1577,25,93,2,'2022-11-16 19:12:24','2023-01-10 14:14:40'),(1578,2,94,2,'2022-11-16 19:12:24','2022-11-17 08:51:13'),(1579,5,94,2,'2022-11-16 19:12:24','2022-11-30 13:45:51'),(1580,6,94,0,'2022-11-16 19:12:24','2023-01-18 08:58:14'),(1581,9,94,1,'2022-11-16 19:12:24','2023-01-17 20:16:22'),(1582,13,94,1,'2022-11-16 19:12:24','2022-12-05 09:37:06'),(1583,14,94,1,'2022-11-16 19:12:24','2023-01-04 15:14:00'),(1584,15,94,1,'2022-11-16 19:12:24','2022-11-21 21:58:37'),(1585,16,94,3,'2022-11-16 19:12:24','2023-01-17 23:34:28'),(1587,18,94,1,'2022-11-16 19:12:24','2023-01-11 15:08:38'),(1588,19,94,1,'2022-11-16 19:12:24','2023-01-08 17:36:57'),(1589,25,94,3,'2022-11-16 19:12:24','2023-01-18 15:10:45'),(1746,2,108,2,'2022-11-16 19:14:48','2022-11-17 08:51:13'),(1747,5,108,2,'2022-11-16 19:14:48','2022-11-30 13:45:51'),(1748,6,108,1,'2022-11-16 19:14:48','2023-01-22 15:31:15'),(1749,9,108,1,'2022-11-16 19:14:48','2023-01-24 09:29:30'),(1750,13,108,3,'2022-11-16 19:14:48','2022-12-05 09:37:06'),(1751,14,108,1,'2022-11-16 19:14:48','2023-01-04 15:14:00'),(1752,15,108,3,'2022-11-16 19:14:48','2023-01-25 12:30:18'),(1753,16,108,0,'2022-11-16 19:14:48','2022-11-16 19:14:48'),(1755,18,108,1,'2022-11-16 19:14:48','2023-01-11 15:08:38'),(1756,19,108,1,'2022-11-16 19:14:48','2023-01-08 17:36:57'),(1757,25,108,3,'2022-11-16 19:14:48','2023-01-17 17:56:29'),(1758,2,109,2,'2022-11-16 19:14:53','2022-11-17 08:51:13'),(1759,5,109,2,'2022-11-16 19:14:53','2022-11-30 13:45:51'),(1760,6,109,1,'2022-11-16 19:14:53','2023-01-22 15:32:22'),(1761,9,109,2,'2022-11-16 19:14:53','2023-01-04 10:43:08'),(1762,13,109,3,'2022-11-16 19:14:53','2022-12-05 09:37:06'),(1763,14,109,1,'2022-11-16 19:14:53','2023-01-04 15:14:00'),(1764,15,109,1,'2022-11-16 19:14:53','2022-11-21 21:58:37'),(1765,16,109,0,'2022-11-16 19:14:53','2022-11-16 19:14:53'),(1767,18,109,1,'2022-11-16 19:14:53','2023-01-11 15:08:38'),(1768,19,109,1,'2022-11-16 19:14:53','2023-01-08 17:36:57'),(1769,25,109,0,'2022-11-16 19:14:53','2022-11-16 19:14:53'),(1770,2,110,2,'2022-11-16 19:15:02','2022-11-17 08:51:13'),(1771,5,110,2,'2022-11-16 19:15:02','2022-11-30 13:45:51'),(1772,6,110,1,'2022-11-16 19:15:02','2023-01-28 06:57:01'),(1773,9,110,2,'2022-11-16 19:15:02','2023-01-04 10:43:08'),(1774,13,110,1,'2022-11-16 19:15:02','2022-12-05 09:37:06'),(1775,14,110,1,'2022-11-16 19:15:02','2023-01-04 15:14:00'),(1776,15,110,1,'2022-11-16 19:15:02','2022-11-21 21:58:37'),(1777,16,110,0,'2022-11-16 19:15:02','2022-11-16 19:15:02'),(1779,18,110,3,'2022-11-16 19:15:02','2023-01-11 15:08:38'),(1780,19,110,1,'2022-11-16 19:15:02','2023-01-08 17:36:57'),(1781,25,110,0,'2022-11-16 19:15:02','2022-11-16 19:15:02'),(1782,2,111,2,'2022-11-16 19:15:06','2022-11-17 08:51:13'),(1783,5,111,2,'2022-11-16 19:15:06','2022-11-30 13:45:51'),(1784,6,111,1,'2022-11-16 19:15:06','2023-01-28 06:57:01'),(1785,9,111,2,'2022-11-16 19:15:06','2023-01-04 10:43:08'),(1786,13,111,1,'2022-11-16 19:15:06','2022-12-05 09:37:06'),(1787,14,111,1,'2022-11-16 19:15:06','2023-01-04 15:14:00'),(1788,15,111,1,'2022-11-16 19:15:06','2022-11-21 21:58:37'),(1789,16,111,0,'2022-11-16 19:15:06','2022-11-16 19:15:06'),(1791,18,111,1,'2022-11-16 19:15:06','2023-01-11 15:08:38'),(1792,19,111,1,'2022-11-16 19:15:06','2023-01-08 17:36:57'),(1793,25,111,0,'2022-11-16 19:15:06','2022-11-16 19:15:06'),(1794,2,112,2,'2022-11-16 19:15:14','2022-11-17 08:51:13'),(1795,5,112,2,'2022-11-16 19:15:14','2022-11-30 13:45:51'),(1796,6,112,1,'2022-11-16 19:15:14','2023-01-04 14:08:05'),(1797,9,112,3,'2022-11-16 19:15:14','2023-01-04 10:43:08'),(1798,13,112,1,'2022-11-16 19:15:14','2022-12-05 09:37:06'),(1799,14,112,1,'2022-11-16 19:15:14','2023-01-04 15:14:00'),(1800,15,112,1,'2022-11-16 19:15:14','2022-11-21 21:58:37'),(1801,16,112,0,'2022-11-16 19:15:14','2022-11-16 19:15:14'),(1803,18,112,1,'2022-11-16 19:15:14','2023-01-11 15:08:38'),(1804,19,112,1,'2022-11-16 19:15:14','2023-01-08 17:36:57'),(1805,25,112,0,'2022-11-16 19:15:14','2022-11-16 19:15:14'),(1806,2,113,3,'2022-11-16 19:15:18','2023-01-09 15:22:18'),(1807,5,113,2,'2022-11-16 19:15:18','2022-11-30 13:45:51'),(1808,6,113,1,'2022-11-16 19:15:18','2023-01-28 06:57:01'),(1809,9,113,2,'2022-11-16 19:15:18','2023-01-04 10:43:08'),(1810,13,113,1,'2022-11-16 19:15:18','2022-12-05 09:37:06'),(1811,14,113,1,'2022-11-16 19:15:18','2023-01-04 15:14:00'),(1812,15,113,1,'2022-11-16 19:15:18','2022-11-21 21:58:37'),(1813,16,113,0,'2022-11-16 19:15:18','2022-11-16 19:15:18'),(1815,18,113,0,'2022-11-16 19:15:18','2022-11-16 19:15:18'),(1816,19,113,1,'2022-11-16 19:15:18','2023-01-08 17:36:57'),(1817,25,113,0,'2022-11-16 19:15:18','2022-11-16 19:15:18'),(1818,2,114,3,'2022-11-16 19:15:30','2023-01-09 15:22:18'),(1819,5,114,2,'2022-11-16 19:15:30','2022-11-30 13:45:51'),(1820,6,114,3,'2022-11-16 19:15:30','2023-03-03 07:40:57'),(1821,9,114,2,'2022-11-16 19:15:30','2023-01-04 10:43:08'),(1822,13,114,1,'2022-11-16 19:15:30','2022-12-05 09:37:06'),(1823,14,114,1,'2022-11-16 19:15:30','2023-01-04 15:14:00'),(1824,15,114,1,'2022-11-16 19:15:30','2022-11-21 21:58:37'),(1825,16,114,0,'2022-11-16 19:15:30','2022-11-16 19:15:30'),(1827,18,114,0,'2022-11-16 19:15:30','2022-11-16 19:15:30'),(1828,19,114,1,'2022-11-16 19:15:30','2023-01-08 17:36:57'),(1829,25,114,0,'2022-11-16 19:15:30','2022-11-16 19:15:30'),(1830,2,115,2,'2022-11-16 19:15:35','2022-11-17 08:51:13'),(1831,5,115,2,'2022-11-16 19:15:35','2022-11-30 13:45:51'),(1832,6,115,1,'2022-11-16 19:15:35','2023-01-04 14:08:05'),(1833,9,115,3,'2022-11-16 19:15:35','2023-01-04 10:43:08'),(1834,13,115,1,'2022-11-16 19:15:35','2022-12-05 09:37:06'),(1835,14,115,1,'2022-11-16 19:15:35','2023-01-04 15:14:00'),(1836,15,115,1,'2022-11-16 19:15:35','2022-11-21 21:58:37'),(1837,16,115,0,'2022-11-16 19:15:35','2022-11-16 19:15:35'),(1839,18,115,0,'2022-11-16 19:15:35','2022-11-16 19:15:35'),(1840,19,115,0,'2022-11-16 19:15:35','2022-11-16 19:15:35'),(1841,25,115,0,'2022-11-16 19:15:35','2022-11-16 19:15:35'),(1842,2,116,2,'2022-11-16 19:15:38','2022-11-17 08:51:13'),(1843,5,116,2,'2022-11-16 19:15:38','2022-11-30 13:45:51'),(1844,6,116,4,'2022-11-16 19:15:38','2022-11-24 11:38:00'),(1845,9,116,2,'2022-11-16 19:15:38','2023-01-04 10:43:08'),(1846,13,116,1,'2022-11-16 19:15:38','2022-12-05 09:37:06'),(1847,14,116,1,'2022-11-16 19:15:38','2023-01-04 15:14:00'),(1848,15,116,1,'2022-11-16 19:15:38','2022-11-21 21:58:37'),(1849,16,116,0,'2022-11-16 19:15:38','2022-11-16 19:15:38'),(1851,18,116,0,'2022-11-16 19:15:38','2022-11-16 19:15:38'),(1852,19,116,0,'2022-11-16 19:15:38','2022-11-16 19:15:38'),(1853,25,116,0,'2022-11-16 19:15:38','2022-11-16 19:15:38'),(1854,2,117,2,'2022-11-16 19:15:44','2022-11-17 08:51:13'),(1855,5,117,2,'2022-11-16 19:15:44','2022-11-30 13:45:51'),(1856,6,117,4,'2022-11-16 19:15:44','2022-11-24 11:38:00'),(1857,9,117,2,'2022-11-16 19:15:44','2023-01-04 10:43:08'),(1858,13,117,1,'2022-11-16 19:15:44','2022-12-05 09:37:06'),(1859,14,117,1,'2022-11-16 19:15:44','2023-01-04 15:14:29'),(1860,15,117,1,'2022-11-16 19:15:44','2022-11-21 21:58:37'),(1861,16,117,0,'2022-11-16 19:15:44','2022-11-16 19:15:44'),(1863,18,117,0,'2022-11-16 19:15:44','2022-11-16 19:15:44'),(1864,19,117,0,'2022-11-16 19:15:44','2022-11-16 19:15:44'),(1865,25,117,0,'2022-11-16 19:15:44','2022-11-16 19:15:44'),(1866,2,118,2,'2022-11-16 19:15:48','2022-11-17 08:51:13'),(1867,5,118,2,'2022-11-16 19:15:48','2022-11-30 13:45:51'),(1868,6,118,4,'2022-11-16 19:15:48','2022-11-24 11:38:00'),(1869,9,118,2,'2022-11-16 19:15:48','2023-01-04 10:43:08'),(1870,13,118,1,'2022-11-16 19:15:48','2022-12-05 09:37:06'),(1871,14,118,1,'2022-11-16 19:15:49','2023-01-04 15:14:00'),(1872,15,118,4,'2022-11-16 19:15:49','2022-11-21 21:58:37'),(1873,16,118,0,'2022-11-16 19:15:49','2022-11-16 19:15:49'),(1875,18,118,0,'2022-11-16 19:15:49','2022-11-16 19:15:49'),(1876,19,118,0,'2022-11-16 19:15:49','2022-11-16 19:15:49'),(1877,25,118,0,'2022-11-16 19:15:49','2022-11-16 19:15:49'),(1878,2,119,2,'2022-11-16 19:15:56','2022-11-17 08:51:13'),(1879,5,119,2,'2022-11-16 19:15:56','2022-11-30 13:45:51'),(1880,6,119,1,'2022-11-16 19:15:56','2023-01-04 14:08:05'),(1881,9,119,3,'2022-11-16 19:15:56','2023-01-04 10:43:08'),(1882,13,119,1,'2022-11-16 19:15:56','2022-12-05 09:37:06'),(1883,14,119,1,'2022-11-16 19:15:56','2023-01-04 15:14:00'),(1884,15,119,1,'2022-11-16 19:15:56','2022-11-21 21:58:37'),(1885,16,119,0,'2022-11-16 19:15:56','2022-11-16 19:15:56'),(1887,18,119,0,'2022-11-16 19:15:56','2022-11-16 19:15:56'),(1888,19,119,0,'2022-11-16 19:15:56','2022-11-16 19:15:56'),(1889,25,119,0,'2022-11-16 19:15:56','2022-11-16 19:15:56'),(1890,2,120,2,'2022-11-16 19:16:04','2022-11-17 08:51:13'),(1891,5,120,2,'2022-11-16 19:16:04','2022-11-30 13:45:51'),(1892,6,120,4,'2022-11-16 19:16:04','2022-11-24 11:38:00'),(1893,9,120,2,'2022-11-16 19:16:04','2023-01-04 10:43:08'),(1894,13,120,1,'2022-11-16 19:16:04','2022-12-05 09:37:06'),(1895,14,120,1,'2022-11-16 19:16:04','2023-01-04 15:14:00'),(1896,15,120,1,'2022-11-16 19:16:04','2022-11-21 21:58:37'),(1897,16,120,0,'2022-11-16 19:16:04','2022-11-16 19:16:04'),(1899,18,120,0,'2022-11-16 19:16:04','2022-11-16 19:16:04'),(1900,19,120,0,'2022-11-16 19:16:04','2022-11-16 19:16:04'),(1901,25,120,0,'2022-11-16 19:16:04','2022-11-16 19:16:04'),(1902,2,121,2,'2022-11-16 19:16:09','2022-11-17 08:51:13'),(1903,5,121,2,'2022-11-16 19:16:09','2022-11-30 13:45:51'),(1904,6,121,4,'2022-11-16 19:16:09','2022-11-24 11:38:00'),(1905,9,121,2,'2022-11-16 19:16:09','2023-01-04 10:43:08'),(1906,13,121,1,'2022-11-16 19:16:09','2022-12-05 09:37:06'),(1907,14,121,1,'2022-11-16 19:16:09','2023-01-04 15:14:00'),(1908,15,121,1,'2022-11-16 19:16:09','2022-11-21 21:58:37'),(1909,16,121,0,'2022-11-16 19:16:09','2022-11-16 19:16:09'),(1911,18,121,0,'2022-11-16 19:16:09','2022-11-16 19:16:09'),(1912,19,121,0,'2022-11-16 19:16:09','2022-11-16 19:16:09'),(1913,25,121,0,'2022-11-16 19:16:09','2022-11-16 19:16:09'),(1926,6,123,1,'2022-11-27 18:58:47','2022-11-27 19:09:53'),(1927,6,124,3,'2022-11-27 18:58:47','2022-12-05 09:57:33'),(1928,6,125,1,'2022-11-27 18:59:46','2023-01-04 14:10:30'),(1952,6,149,4,'2022-11-27 19:04:47','2022-11-27 19:09:53'),(1953,6,150,1,'2022-11-27 19:04:55','2023-01-04 14:11:02'),(1954,6,151,3,'2022-11-27 19:05:07','2023-01-18 09:43:37'),(1955,6,152,1,'2022-11-27 19:05:22','2023-01-22 17:46:03'),(1956,6,153,1,'2022-11-27 19:05:26','2023-01-04 14:12:00'),(1957,6,154,1,'2022-11-27 19:05:34','2023-01-04 14:12:31'),(1958,6,155,1,'2022-11-27 19:05:42','2023-01-04 14:12:31'),(1959,6,156,1,'2022-11-27 19:05:49','2023-01-04 14:12:31'),(1960,6,157,1,'2022-11-27 19:06:11','2023-01-28 06:56:23'),(1961,6,158,1,'2022-11-27 19:06:13','2023-01-28 06:56:23'),(1962,6,159,1,'2022-11-27 19:06:14','2023-01-04 14:05:55'),(1963,6,160,1,'2022-11-27 19:06:16','2023-01-24 13:23:55'),(1964,6,161,3,'2022-11-27 19:06:19','2023-01-31 10:07:22'),(1965,6,162,4,'2022-11-27 19:06:53','2022-11-27 19:09:53'),(1966,6,163,4,'2022-11-27 19:06:57','2022-11-27 19:09:53'),(1967,6,164,1,'2022-11-27 19:07:16','2023-01-04 14:06:46'),(1968,6,165,4,'2022-11-27 19:07:27','2022-11-27 19:09:53'),(1969,6,166,4,'2022-11-27 19:07:29','2022-11-27 19:09:53'),(1970,6,167,4,'2022-11-27 19:07:30','2022-11-27 19:09:53'),(1971,6,168,1,'2022-11-27 19:07:32','2023-01-04 14:07:31'),(1972,6,169,4,'2022-11-27 19:07:32','2022-11-27 19:09:53'),(1973,6,170,4,'2022-11-27 19:07:33','2022-11-27 19:09:53'),(1974,6,171,4,'2022-11-27 19:07:35','2022-11-27 19:09:53'),(1975,6,172,4,'2022-11-27 19:07:45','2022-11-27 19:09:53'),(1976,6,173,4,'2022-11-27 19:07:50','2022-11-27 19:09:53'),(1977,26,123,3,'2022-11-28 07:55:37','2022-11-30 07:33:15'),(1978,26,124,0,'2022-11-28 07:55:37','2022-11-28 07:55:37'),(1979,26,125,1,'2022-11-28 07:55:37','2023-01-04 09:27:51'),(1980,26,149,3,'2022-11-28 07:55:37','2023-01-04 09:31:02'),(1981,26,150,1,'2022-11-28 07:55:37','2023-01-04 09:27:51'),(1982,26,151,1,'2022-11-28 07:55:37','2023-01-04 09:27:51'),(1983,26,152,3,'2022-11-28 07:55:37','2023-01-04 09:27:51'),(1984,26,153,1,'2022-11-28 07:55:37','2023-01-04 09:27:51'),(1985,26,154,1,'2022-11-28 07:55:37','2023-01-04 09:29:50'),(1986,26,155,3,'2022-11-28 07:55:37','2023-01-04 09:30:48'),(1987,26,156,3,'2022-11-28 07:55:37','2023-01-04 09:27:51'),(1988,26,157,1,'2022-11-28 07:55:37','2023-01-04 09:31:40'),(1989,26,158,3,'2022-11-28 07:55:37','2023-01-04 09:33:05'),(1990,26,159,1,'2022-11-28 07:55:37','2023-01-04 09:27:51'),(1991,26,160,3,'2022-11-28 07:55:37','2023-01-04 09:27:51'),(1992,26,161,1,'2022-11-28 07:55:37','2023-01-04 09:27:51'),(1993,26,162,1,'2022-11-28 07:55:37','2023-01-04 09:27:51'),(1994,26,163,3,'2022-11-28 07:55:37','2023-01-04 09:27:51'),(1995,26,164,1,'2022-11-28 07:55:37','2023-01-04 09:32:19'),(1996,26,165,4,'2022-11-28 07:55:37','2023-01-04 09:34:35'),(1997,26,166,4,'2022-11-28 07:55:37','2023-01-04 09:27:51'),(1998,26,167,4,'2022-11-28 07:55:37','2023-01-04 09:27:51'),(1999,26,168,4,'2022-11-28 07:55:37','2023-01-04 09:27:51'),(2000,26,169,4,'2022-11-28 07:55:37','2023-01-04 09:27:51'),(2001,26,170,4,'2022-11-28 07:55:37','2023-01-04 09:27:51'),(2002,26,171,4,'2022-11-28 07:55:37','2023-01-04 09:27:51'),(2003,26,172,4,'2022-11-28 07:55:37','2023-01-04 09:27:51'),(2004,26,173,4,'2022-11-28 07:55:37','2023-01-04 09:27:51'),(2008,27,123,1,'2022-11-28 08:00:10','2022-11-30 07:32:26'),(2009,27,124,1,'2022-11-28 08:00:10','2022-12-05 09:58:11'),(2010,27,125,1,'2022-11-28 08:00:10','2022-12-05 09:58:11'),(2011,27,149,1,'2022-11-28 08:00:10','2023-01-06 09:22:25'),(2012,27,150,1,'2022-11-28 08:00:10','2023-01-06 09:22:25'),(2013,27,151,1,'2022-11-28 08:00:10','2023-01-04 07:36:49'),(2014,27,152,1,'2022-11-28 08:00:10','2023-01-04 07:36:49'),(2015,27,153,1,'2022-11-28 08:00:10','2022-12-05 09:58:11'),(2016,27,154,1,'2022-11-28 08:00:10','2022-12-05 09:58:11'),(2017,27,155,1,'2022-11-28 08:00:10','2022-12-05 09:58:11'),(2018,27,156,1,'2022-11-28 08:00:10','2022-12-05 09:58:11'),(2019,27,157,3,'2022-11-28 08:00:10','2022-12-05 09:58:11'),(2020,27,158,1,'2022-11-28 08:00:10','2022-12-05 09:58:11'),(2021,27,159,1,'2022-11-28 08:00:10','2022-12-05 09:58:11'),(2022,27,160,1,'2022-11-28 08:00:10','2022-12-05 09:58:11'),(2023,27,161,1,'2022-11-28 08:00:10','2022-12-05 09:58:11'),(2024,27,162,1,'2022-11-28 08:00:10','2022-12-05 09:58:11'),(2025,27,163,1,'2022-11-28 08:00:10','2022-12-05 09:58:11'),(2026,27,164,1,'2022-11-28 08:00:10','2022-12-05 09:58:11'),(2027,27,165,1,'2022-11-28 08:00:10','2022-12-05 09:58:11'),(2028,27,166,1,'2022-11-28 08:00:10','2022-12-05 09:58:11'),(2029,27,167,1,'2022-11-28 08:00:10','2022-12-05 09:58:11'),(2030,27,168,1,'2022-11-28 08:00:10','2022-12-05 09:58:11'),(2031,27,169,1,'2022-11-28 08:00:10','2022-12-05 09:58:11'),(2032,27,170,1,'2022-11-28 08:00:10','2022-12-05 09:58:11'),(2033,27,171,1,'2022-11-28 08:00:10','2022-12-05 09:58:11'),(2034,27,172,1,'2022-11-28 08:00:10','2022-12-05 09:58:11'),(2035,27,173,1,'2022-11-28 08:00:10','2022-12-05 09:58:11'),(3093,18,123,0,'2023-02-19 07:09:02','2023-02-19 07:09:02'),(3094,18,124,0,'2023-02-19 07:09:02','2023-02-19 07:09:02'),(3095,18,125,0,'2023-02-19 07:09:02','2023-02-19 07:09:02'),(3096,18,149,0,'2023-02-19 07:09:02','2023-02-19 07:09:02'),(3097,18,150,0,'2023-02-19 07:09:02','2023-02-19 07:09:02'),(3098,18,151,0,'2023-02-19 07:09:02','2023-02-19 07:09:02'),(3099,18,152,0,'2023-02-19 07:09:02','2023-02-19 07:09:02'),(3100,18,153,0,'2023-02-19 07:09:02','2023-02-19 07:09:02'),(3101,18,154,0,'2023-02-19 07:09:02','2023-02-19 07:09:02'),(3102,18,155,0,'2023-02-19 07:09:02','2023-02-19 07:09:02'),(3103,18,156,0,'2023-02-19 07:09:02','2023-02-19 07:09:02'),(3104,18,157,0,'2023-02-19 07:09:02','2023-02-19 07:09:02'),(3105,18,158,0,'2023-02-19 07:09:02','2023-02-19 07:09:02'),(3106,18,159,0,'2023-02-19 07:09:02','2023-02-19 07:09:02'),(3107,18,160,0,'2023-02-19 07:09:02','2023-02-19 07:09:02'),(3108,18,161,0,'2023-02-19 07:09:02','2023-02-19 07:09:02'),(3109,18,162,0,'2023-02-19 07:09:02','2023-02-19 07:09:02'),(3110,18,163,0,'2023-02-19 07:09:02','2023-02-19 07:09:02'),(3111,18,164,0,'2023-02-19 07:09:02','2023-02-19 07:09:02'),(3112,18,165,0,'2023-02-19 07:09:02','2023-02-19 07:09:02'),(3113,18,166,0,'2023-02-19 07:09:02','2023-02-19 07:09:02'),(3114,18,167,0,'2023-02-19 07:09:02','2023-02-19 07:09:02'),(3115,18,168,0,'2023-02-19 07:09:02','2023-02-19 07:09:02'),(3116,18,169,0,'2023-02-19 07:09:02','2023-02-19 07:09:02'),(3117,18,170,0,'2023-02-19 07:09:02','2023-02-19 07:09:02'),(3118,18,171,0,'2023-02-19 07:09:02','2023-02-19 07:09:02'),(3119,18,172,0,'2023-02-19 07:09:02','2023-02-19 07:09:02'),(3120,18,173,0,'2023-02-19 07:09:02','2023-02-19 07:09:02'),(3121,18,123,0,'2023-02-19 07:27:33','2023-02-19 07:27:33'),(3122,18,124,0,'2023-02-19 07:27:33','2023-02-19 07:27:33'),(3123,18,125,0,'2023-02-19 07:27:33','2023-02-19 07:27:33'),(3124,18,149,0,'2023-02-19 07:27:33','2023-02-19 07:27:33'),(3125,18,150,0,'2023-02-19 07:27:33','2023-02-19 07:27:33'),(3126,18,151,0,'2023-02-19 07:27:33','2023-02-19 07:27:33'),(3127,18,152,0,'2023-02-19 07:27:33','2023-02-19 07:27:33'),(3128,18,153,0,'2023-02-19 07:27:33','2023-02-19 07:27:33'),(3129,18,154,0,'2023-02-19 07:27:33','2023-02-19 07:27:33'),(3130,18,155,0,'2023-02-19 07:27:33','2023-02-19 07:27:33'),(3131,18,156,0,'2023-02-19 07:27:33','2023-02-19 07:27:33'),(3132,18,157,0,'2023-02-19 07:27:33','2023-02-19 07:27:33'),(3133,18,158,0,'2023-02-19 07:27:33','2023-02-19 07:27:33'),(3134,18,159,0,'2023-02-19 07:27:33','2023-02-19 07:27:33'),(3135,18,160,0,'2023-02-19 07:27:33','2023-02-19 07:27:33'),(3136,18,161,0,'2023-02-19 07:27:33','2023-02-19 07:27:33'),(3137,18,162,0,'2023-02-19 07:27:33','2023-02-19 07:27:33'),(3138,18,163,0,'2023-02-19 07:27:33','2023-02-19 07:27:33'),(3139,18,164,0,'2023-02-19 07:27:33','2023-02-19 07:27:33'),(3140,18,165,0,'2023-02-19 07:27:33','2023-02-19 07:27:33'),(3141,18,166,0,'2023-02-19 07:27:33','2023-02-19 07:27:33'),(3142,18,167,0,'2023-02-19 07:27:33','2023-02-19 07:27:33'),(3143,18,168,0,'2023-02-19 07:27:33','2023-02-19 07:27:33'),(3144,18,169,0,'2023-02-19 07:27:33','2023-02-19 07:27:33'),(3145,18,170,0,'2023-02-19 07:27:33','2023-02-19 07:27:33'),(3146,18,171,0,'2023-02-19 07:27:33','2023-02-19 07:27:33'),(3147,18,172,0,'2023-02-19 07:27:33','2023-02-19 07:27:33'),(3148,18,173,0,'2023-02-19 07:27:33','2023-02-19 07:27:33');
/*!40000 ALTER TABLE `member_schedule_date` ENABLE KEYS */;
UNLOCK TABLES;

--
-- Table structure for table `schedule`
--

DROP TABLE IF EXISTS `schedule`;
/*!40101 SET @saved_cs_client     = @@character_set_client */;
/*!50503 SET character_set_client = utf8mb4 */;
CREATE TABLE `schedule` (
  `id` bigint unsigned NOT NULL AUTO_INCREMENT,
  `name` varchar(30) CHARACTER SET utf8mb4 COLLATE utf8mb4_unicode_ci NOT NULL,
  `description` text CHARACTER SET utf8mb4 COLLATE utf8mb4_unicode_ci,
  `default_weekday` tinyint unsigned NOT NULL DEFAULT '0',
  `default_start_time` time NOT NULL DEFAULT '19:00:00',
  `password` varchar(255) CHARACTER SET utf8mb4 COLLATE utf8mb4_unicode_ci DEFAULT NULL,
  `created_at` timestamp NULL DEFAULT NULL,
  `updated_at` timestamp NULL DEFAULT NULL,
  PRIMARY KEY (`id`),
  UNIQUE KEY `schedule_name_unique` (`name`)
) ENGINE=InnoDB AUTO_INCREMENT=9 DEFAULT CHARSET=utf8mb4 COLLATE=utf8mb4_unicode_ci COMMENT='This table should contain a (unique) name for each schedule/course';
/*!40101 SET character_set_client = @saved_cs_client */;

--
-- Dumping data for table `schedule`
--

LOCK TABLES `schedule` WRITE;
/*!40000 ALTER TABLE `schedule` DISABLE KEYS */;
INSERT INTO `schedule` VALUES (1,'C3 onsdagar','xxx',3,'19:00:00','',NULL,'2023-03-18 08:22:33'),(2,'Trygves squaredance','yyy',2,'17:00:00','',NULL,'2023-03-18 08:22:33');
/*!40000 ALTER TABLE `schedule` ENABLE KEYS */;
UNLOCK TABLES;

--
-- Table structure for table `schedule_date`
--

DROP TABLE IF EXISTS `schedule_date`;
/*!40101 SET @saved_cs_client     = @@character_set_client */;
/*!50503 SET character_set_client = utf8mb4 */;
CREATE TABLE `schedule_date` (
  `id` bigint unsigned NOT NULL AUTO_INCREMENT,
  `schedule_id` bigint unsigned NOT NULL,
  `schedule_date` date NOT NULL,
  `start_time` time NOT NULL DEFAULT '19:00:00',
  `comment` varchar(250) CHARACTER SET utf8mb4 COLLATE utf8mb4_unicode_ci DEFAULT NULL,
  `created_at` timestamp NULL DEFAULT NULL,
  `updated_at` timestamp NULL DEFAULT NULL,
  PRIMARY KEY (`id`),
  KEY `schedule_date_FK` (`schedule_id`),
  CONSTRAINT `schedule_date_FK` FOREIGN KEY (`schedule_id`) REFERENCES `schedule` (`id`) ON DELETE CASCADE ON UPDATE CASCADE
) ENGINE=InnoDB AUTO_INCREMENT=184 DEFAULT CHARSET=utf8mb4 COLLATE=utf8mb4_unicode_ci COMMENT='This table contains all dates for all schedules, with start-time and comment';
/*!40101 SET character_set_client = @saved_cs_client */;

--
-- Dumping data for table `schedule_date`
--

LOCK TABLES `schedule_date` WRITE;
/*!40000 ALTER TABLE `schedule_date` DISABLE KEYS */;
INSERT INTO `schedule_date` VALUES (22,1,'2021-08-30','19:00:00',NULL,'2021-06-18 18:33:51','2021-06-18 18:33:51'),(23,1,'2021-09-06','19:00:00',NULL,'2021-06-18 18:40:33','2021-06-18 18:40:33'),(24,1,'2021-09-13','19:00:00',NULL,'2021-06-18 18:40:33','2021-06-18 18:40:33'),(25,1,'2021-09-20','19:00:00',NULL,'2021-06-18 18:40:33','2021-06-18 18:40:33'),(26,1,'2021-09-27','19:00:00',NULL,'2021-06-18 18:40:33','2021-06-18 18:40:33'),(27,1,'2021-10-04','19:00:00','Efter Oktoberfestivalen','2021-06-18 18:40:33','2021-06-22 16:37:10'),(28,1,'2021-10-11','19:00:00',NULL,'2021-06-18 18:40:33','2021-06-18 18:40:33'),(29,1,'2021-10-18','19:00:00',NULL,'2021-06-18 18:40:33','2021-06-18 18:40:33'),(30,1,'2021-10-25','19:00:00',NULL,'2021-06-18 18:40:33','2021-06-18 18:40:33'),(31,1,'2021-11-01','19:00:00',NULL,'2021-06-18 18:40:33','2021-06-18 18:40:33'),(32,1,'2021-11-08','19:00:00',NULL,'2021-06-18 18:40:33','2021-06-18 18:40:33'),(33,1,'2021-11-15','19:00:00','Efter Jesperdansen','2021-06-18 18:40:33','2021-06-22 16:37:10'),(34,1,'2021-11-22','19:00:00',NULL,'2021-06-18 18:40:33','2021-06-18 18:40:33'),(35,1,'2021-11-29','19:00:00',NULL,'2021-06-18 18:40:33','2021-06-18 18:40:33'),(53,1,'2022-01-12','19:00:00',NULL,'2021-11-17 20:34:01','2021-12-07 14:41:26'),(54,1,'2022-01-26','19:00:00',NULL,'2021-11-17 20:34:01','2021-11-17 20:34:01'),(55,1,'2022-02-02','19:00:00',NULL,'2021-11-17 20:34:01','2021-11-17 20:34:01'),(56,1,'2022-02-09','19:00:00',NULL,'2021-11-17 20:34:01','2021-11-17 20:34:01'),(57,1,'2022-02-16','19:00:00',NULL,'2021-11-17 20:34:01','2021-11-17 20:34:01'),(58,1,'2022-02-23','19:00:00',NULL,'2021-11-17 20:34:01','2021-11-17 20:34:01'),(59,1,'2022-03-02','19:00:00','Instllt','2021-11-17 20:34:01','2022-03-02 10:53:29'),(60,1,'2022-03-09','19:00:00',NULL,'2021-11-17 20:34:01','2022-03-05 07:08:01'),(61,1,'2022-03-16','19:00:00',NULL,'2021-11-17 20:34:01','2021-11-17 20:34:01'),(62,1,'2022-03-23','19:00:00',NULL,'2021-11-17 20:34:01','2021-11-17 20:34:01'),(63,1,'2022-03-30','19:00:00',NULL,'2021-11-17 20:34:01','2021-11-17 20:34:01'),(64,1,'2022-04-06','19:00:00','Instllt','2021-11-17 20:34:01','2022-04-06 14:10:37'),(65,1,'2022-04-13','19:00:00',NULL,'2021-11-17 20:34:01','2021-11-17 20:34:01'),(66,1,'2022-04-20','19:00:00',NULL,'2021-11-17 20:34:01','2021-11-17 20:34:01'),(67,1,'2022-04-27','19:00:00',NULL,'2021-11-17 20:34:01','2021-12-09 06:33:36'),(68,1,'2022-05-04','19:00:00',NULL,'2022-03-30 18:08:36','2022-03-30 18:08:36'),(69,1,'2022-09-07','19:00:00',NULL,'2022-05-04 18:23:31','2022-05-04 18:23:31'),(70,1,'2022-09-14','19:00:00',NULL,'2022-05-04 18:23:31','2022-05-04 18:23:31'),(81,1,'2022-09-21','19:00:00',NULL,'2022-05-08 18:30:55','2022-05-08 18:30:55'),(82,1,'2022-09-28','19:00:00',NULL,'2022-05-08 18:31:02','2022-05-08 18:31:02'),(83,1,'2022-10-05','19:00:00',NULL,'2022-05-08 18:31:06','2022-05-08 18:31:06'),(84,1,'2022-10-12','19:00:00',NULL,'2022-05-08 18:31:08','2022-05-08 18:31:08'),(85,1,'2022-10-19','19:00:00',NULL,'2022-05-08 18:31:10','2022-05-08 18:31:10'),(86,1,'2022-10-26','19:00:00',NULL,'2022-05-08 18:31:11','2022-05-08 18:31:11'),(87,1,'2022-11-02','19:00:00',NULL,'2022-05-08 18:31:13','2022-05-08 18:31:13'),(88,1,'2022-11-09','19:00:00',NULL,'2022-05-08 18:31:19','2022-05-08 18:31:19'),(89,1,'2022-11-16','19:00:00',NULL,'2022-05-08 18:31:21','2022-05-08 18:31:21'),(90,1,'2022-11-23','19:00:00',NULL,'2022-05-08 18:31:22','2022-05-08 18:31:22'),(91,1,'2022-11-30','19:00:00','Instlld','2022-05-08 18:31:24','2022-11-30 17:13:52'),(92,1,'2022-12-07','19:00:00',NULL,'2022-05-08 18:31:26','2022-05-08 18:31:26'),(93,1,'2023-01-11','19:00:00',NULL,'2022-11-16 19:12:24','2022-11-16 19:12:24'),(94,1,'2023-01-18','19:00:00',NULL,'2022-11-16 19:12:24','2022-11-16 19:12:24'),(108,1,'2023-01-25','19:00:00',NULL,'2022-11-16 19:14:48','2022-11-16 19:14:48'),(109,1,'2023-02-01','19:00:00',NULL,'2022-11-16 19:14:53','2022-11-16 19:14:53'),(110,1,'2023-02-08','19:00:00',NULL,'2022-11-16 19:15:02','2022-11-16 19:15:02'),(111,1,'2023-02-15','19:00:00',NULL,'2022-11-16 19:15:06','2022-11-16 19:15:06'),(112,1,'2023-02-22','19:00:00',NULL,'2022-11-16 19:15:14','2022-11-16 19:15:14'),(113,1,'2023-03-01','19:00:00',NULL,'2022-11-16 19:15:18','2022-11-16 19:15:18'),(114,1,'2023-03-08','19:00:00',NULL,'2022-11-16 19:15:30','2022-11-16 19:15:30'),(115,1,'2023-03-15','19:00:00',NULL,'2022-11-16 19:15:35','2022-11-16 19:15:35'),(116,1,'2023-03-22','19:00:00',NULL,'2022-11-16 19:15:38','2022-11-16 19:15:38'),(117,1,'2023-03-29','19:00:00',NULL,'2022-11-16 19:15:44','2022-11-16 19:15:44'),(118,1,'2023-04-05','19:00:00',NULL,'2022-11-16 19:15:48','2022-11-16 19:15:48'),(119,1,'2023-04-12','19:00:00',NULL,'2022-11-16 19:15:56','2022-11-16 19:15:56'),(120,1,'2023-04-19','19:00:00',NULL,'2022-11-16 19:16:04','2022-11-16 19:16:04'),(121,1,'2023-04-26','19:00:00',NULL,'2022-11-16 19:16:09','2022-11-16 19:16:09'),(123,2,'2022-11-30','19:00:00','Instlld','2022-11-27 18:58:47','2022-11-30 17:17:01'),(124,2,'2022-12-07','19:00:00','Onsdag 18.30-21.20','2022-11-27 18:58:47','2022-11-30 07:23:33'),(125,2,'2023-01-11','19:00:00','Onsdag 18.30-21.20','2022-11-27 18:59:46','2022-11-30 07:23:33'),(149,2,'2023-01-14','19:00:00','Lrdag 12.30-16.30','2022-11-27 19:04:47','2022-11-30 07:23:33'),(150,2,'2023-01-15','19:00:00','Sndag 9.30-16.30','2022-11-27 19:04:55','2022-11-30 07:23:33'),(151,2,'2023-01-18','19:00:00','Onsdag 18.30-21.20','2022-11-27 19:05:07','2022-11-30 07:23:33'),(152,2,'2023-01-25','19:00:00','Onsdag 18.30-21.20','2022-11-27 19:05:22','2022-11-30 07:23:33'),(153,2,'2023-02-01','19:00:00','Onsdag 18.30-21.20','2022-11-27 19:05:26','2022-11-30 07:23:33'),(154,2,'2023-02-04','19:00:00','Lrdag 9.30-13.30','2022-11-27 19:05:34','2022-11-30 07:27:46'),(155,2,'2023-02-05','19:00:00','Sndag 10.30/14.30-18.30','2022-11-27 19:05:42','2022-11-30 07:27:46'),(156,2,'2023-02-06','19:00:00','Mndag 9.00-16.30','2022-11-27 19:05:49','2022-11-30 07:27:46'),(157,2,'2023-02-08','19:00:00','Onsdag 18.30-21.20','2022-11-27 19:06:11','2022-11-30 07:23:33'),(158,2,'2023-02-15','19:00:00','Onsdag 18.30-21.20','2022-11-27 19:06:13','2022-11-30 07:23:33'),(159,2,'2023-02-22','19:00:00','Onsdag 18.30-21.20','2022-11-27 19:06:14','2022-11-30 07:23:33'),(160,2,'2023-03-01','19:00:00','Onsdag 18.30-21.20','2022-11-27 19:06:16','2022-11-30 07:23:34'),(161,2,'2023-03-08','19:00:00','Onsdag 18.30-21.20','2022-11-27 19:06:19','2022-11-30 07:23:34'),(162,2,'2023-03-11','19:00:00','Lrdag 15.30-21.00','2022-11-27 19:06:53','2022-11-30 07:30:25'),(163,2,'2023-03-12','19:00:00','Sndag 9.00-16.30','2022-11-27 19:06:57','2022-11-30 07:30:25'),(164,2,'2023-03-15','19:00:00','Onsdag 18.30-21.20','2022-11-27 19:07:16','2022-11-30 07:23:34'),(165,2,'2023-03-22','19:00:00','Onsdag 18.30-21.20','2022-11-27 19:07:27','2022-11-30 07:23:34'),(166,2,'2023-03-29','19:00:00','Onsdag 18.30-21.20','2022-11-27 19:07:29','2022-11-30 07:23:34'),(167,2,'2023-04-05','19:00:00','Onsdag 18.30-21.20','2022-11-27 19:07:30','2022-11-30 07:23:34'),(168,2,'2023-04-12','19:00:00','Onsdag 18.30-21.20','2022-11-27 19:07:32','2022-11-30 07:23:34'),(169,2,'2023-04-19','19:00:00','Onsdag 18.30-21.20','2022-11-27 19:07:32','2022-11-30 07:23:34'),(170,2,'2023-04-26','19:00:00','Onsdag 18.30-21.20','2022-11-27 19:07:33','2022-11-30 07:23:34'),(171,2,'2023-05-03','19:00:00','Onsdag 18.30-21.20','2022-11-27 19:07:35','2022-11-30 07:23:34'),(172,2,'2023-05-13','19:00:00','Lrdag 16.30-20.30','2022-11-27 19:07:45','2022-11-30 07:30:25'),(173,2,'2023-05-14','19:00:00','Sndag 9.30-17.30','2022-11-27 19:07:50','2022-11-30 07:30:25');
/*!40000 ALTER TABLE `schedule_date` ENABLE KEYS */;
UNLOCK TABLES;

--
-- Temporary view structure for view `v_member_schedule`
--

DROP TABLE IF EXISTS `v_member_schedule`;
/*!50001 DROP VIEW IF EXISTS `v_member_schedule`*/;
SET @saved_cs_client     = @@character_set_client;
/*!50503 SET character_set_client = utf8mb4 */;
/*!50001 CREATE VIEW `v_member_schedule` AS SELECT 
 1 AS `user_id`,
 1 AS `user_name`,
 1 AS `name_in_schema`,
 1 AS `email`,
 1 AS `schedule_id`,
 1 AS `schedule_name`,
 1 AS `schedule_description`,
 1 AS `default_weekday`,
 1 AS `default_start_time`,
 1 AS `password`,
 1 AS `group_size`,
 1 AS `admin`*/;
SET character_set_client = @saved_cs_client;

--
-- Temporary view structure for view `v_member_schedule_date`
--

DROP TABLE IF EXISTS `v_member_schedule_date`;
/*!50001 DROP VIEW IF EXISTS `v_member_schedule_date`*/;
SET @saved_cs_client     = @@character_set_client;
/*!50503 SET character_set_client = utf8mb4 */;
/*!50001 CREATE VIEW `v_member_schedule_date` AS SELECT 
 1 AS `user_id`,
 1 AS `schedule_date_id`,
 1 AS `status`,
 1 AS `user_name`,
 1 AS `schedule_id`,
 1 AS `group_size`,
 1 AS `schedule_date`*/;
SET character_set_client = @saved_cs_client;

--
-- Dumping routines for database 'schedule'
--

--
-- Final view structure for view `v_member_schedule`
--

/*!50001 DROP VIEW IF EXISTS `v_member_schedule`*/;
/*!50001 SET @saved_cs_client          = @@character_set_client */;
/*!50001 SET @saved_cs_results         = @@character_set_results */;
/*!50001 SET @saved_col_connection     = @@collation_connection */;
/*!50001 SET character_set_client      = utf8mb4 */;
/*!50001 SET character_set_results     = utf8mb4 */;
/*!50001 SET collation_connection      = utf8mb4_unicode_ci */;
/*!50001 CREATE ALGORITHM=UNDEFINED */
/*!50013  SQL SECURITY DEFINER */
/*!50001 VIEW `v_member_schedule` AS select `u`.`id` AS `user_id`,`u`.`complete_name` AS `user_name`,`mt`.`name_in_schema` AS `name_in_schema`,`u`.`email` AS `email`,`t`.`id` AS `schedule_id`,`t`.`name` AS `schedule_name`,`t`.`description` AS `schedule_description`,`t`.`default_weekday` AS `default_weekday`,time_format(`t`.`default_start_time`,'%H:%i') AS `default_start_time`,`t`.`password` AS `password`,`mt`.`group_size` AS `group_size`,`mt`.`admin` AS `admin` from ((`member_schedule` `mt` left join `schedule` `t` on((`t`.`id` = `mt`.`schedule_id`))) left join `laravel`.`users` `u` on((`u`.`id` = `mt`.`user_id`))) */;
/*!50001 SET character_set_client      = @saved_cs_client */;
/*!50001 SET character_set_results     = @saved_cs_results */;
/*!50001 SET collation_connection      = @saved_col_connection */;

--
-- Final view structure for view `v_member_schedule_date`
--

/*!50001 DROP VIEW IF EXISTS `v_member_schedule_date`*/;
/*!50001 SET @saved_cs_client          = @@character_set_client */;
/*!50001 SET @saved_cs_results         = @@character_set_results */;
/*!50001 SET @saved_col_connection     = @@collation_connection */;
/*!50001 SET character_set_client      = utf8mb4 */;
/*!50001 SET character_set_results     = utf8mb4 */;
/*!50001 SET collation_connection      = utf8mb4_unicode_ci */;
/*!50001 CREATE ALGORITHM=UNDEFINED */
/*!50013  SQL SECURITY DEFINER */
/*!50001 VIEW `v_member_schedule_date` AS select `msd`.`user_id` AS `user_id`,`msd`.`schedule_date_id` AS `schedule_date_id`,`msd`.`status` AS `status`,`vms`.`user_name` AS `user_name`,`vms`.`schedule_id` AS `schedule_id`,`vms`.`group_size` AS `group_size`,`sd`.`schedule_date` AS `schedule_date` from (((`member_schedule_date` `msd` left join `v_member_schedule` `vms` on((`vms`.`user_id` = `msd`.`user_id`))) left join `schedule_date` `sd` on((`sd`.`id` = `msd`.`schedule_date_id`))) left join `laravel`.`users` `u` on((`u`.`id` = `msd`.`user_id`))) where (`vms`.`schedule_id` = `sd`.`schedule_id`) */;
/*!50001 SET character_set_client      = @saved_cs_client */;
/*!50001 SET character_set_results     = @saved_cs_results */;
/*!50001 SET collation_connection      = @saved_col_connection */;
/*!40103 SET TIME_ZONE=@OLD_TIME_ZONE */;

/*!40101 SET SQL_MODE=@OLD_SQL_MODE */;
/*!40014 SET FOREIGN_KEY_CHECKS=@OLD_FOREIGN_KEY_CHECKS */;
/*!40014 SET UNIQUE_CHECKS=@OLD_UNIQUE_CHECKS */;
/*!40101 SET CHARACTER_SET_CLIENT=@OLD_CHARACTER_SET_CLIENT */;
/*!40101 SET CHARACTER_SET_RESULTS=@OLD_CHARACTER_SET_RESULTS */;
/*!40101 SET COLLATION_CONNECTION=@OLD_COLLATION_CONNECTION */;
/*!40111 SET SQL_NOTES=@OLD_SQL_NOTES */;

-- Dump completed on 2023-03-19 18:28:20
